<card cardid="e7d75c27-fb62-f011-bec2-6045bd1455b4">
  <appdefinition>{"screens":{"main":{"template":{"type":"AdaptiveCard","body":[{"type":"TextBlock","size":"Medium","weight":"Bolder","text":"Restaurant Business Card","id":"textLabel1"},{"type":"Image","id":"image1","url":"https://media.licdn.com/dms/image/v2/D4D03AQHRrcwmrVvI-A/profile-displayphoto-shrink_800_800/profile-displayphoto-shrink_800_800/0/1728830585450?e=1758153600&amp;v=beta&amp;t=BpY1LuxTlmV2U08MOQBAOdoPFzEw7GrSt-AGQfwMQLA","altText":"My profile picture","spacing":"Padding","width":"","separator":true},{"type":"TextBlock","id":"textLabel2","wrap":true,"text":"The owner of the restaurant.","separator":true},{"type":"Table","id":"table1","columns":[{"width":1},{"width":1},{"width":1}],"rows":[{"type":"TableRow","id":"tableRow1","cells":[{"type":"TableCell","id":"tableCell1","items":[{"type":"TextBlock","id":"textLabel3","wrap":true,"text":"Name"}]},{"type":"TableCell","id":"tableCell2","items":[{"type":"TextBlock","id":"textLabel4","wrap":true,"text":"Email"}]},{"type":"TableCell","id":"tableCell3","items":[{"type":"TextBlock","id":"textLabel5","wrap":true,"text":"Date of birth"}]}]},{"type":"TableRow","id":"tableRow2","cells":[{"type":"TableCell","id":"tableCell4","items":[{"type":"Input.Text","id":"textInput1"}]},{"type":"TableCell","id":"tableCell5","items":[{"type":"Input.Text","id":"textInput2"}]},{"type":"TableCell","id":"tableCell6","items":[{"type":"Input.Date","id":"datePicker1"}]}]}],"separator":true},{"type":"ActionSet","id":"buttonSet1","actions":[{"type":"Action.Execute","id":"button4","title":"Submit","associatedInputs":"auto","verb":"onSelect_Button4"},{"type":"Action.Execute","id":"button1","title":"LinkedIn","associatedInputs":"auto","verb":"onSelect_Button1","iconUrl":"https://www.linkedin.com/in/ali-abdali-6a810b232/","mode":"secondary"},{"type":"Action.Execute","id":"button2","title":"GitHub","associatedInputs":"auto","verb":"onSelect_Button2","iconUrl":"https://github.com/another4433/another4433","mode":"secondary"},{"type":"Action.Execute","id":"button3","title":"Instagram","associatedInputs":"auto","verb":"onSelect_Button3","iconUrl":"https://instagram.com/aqwe443346","mode":"secondary"}],"separator":true}],"$schema":"http://adaptivecards.io/schemas/adaptive-card.json","version":"1.5"},"verbs":{"submit":"echo"}}},"sampleData":{"main":{}},"connections":{},"variables":{},"flows":{},"locale":"en-US"}</appdefinition>
  <description>This restaurant is meant to help customer to look for food with drink and get it.</description>
  <iscustomizable>1</iscustomizable>
  <name>Restaurant</name>
  <statecode>0</statecode>
  <statuscode>1</statuscode>
</card>