<ImportExportXml version="9.2.25071.172" SolutionPackageVersion="9.2" languagecode="1033" generatedBy="CrmLive" xmlns:xsi="http://www.w3.org/2001/XMLSchema-instance" OrganizationVersion="9.2.25071.172" OrganizationSchemaType="Standard" CRMServerServiceabilityVersion="9.2.25071.00172">
  <SolutionManifest>
    <UniqueName>RestaurantBusiness</UniqueName>
    <LocalizedNames>
      <LocalizedName description="Restaurant Business" languagecode="1033" />
    </LocalizedNames>
    <Descriptions />
    <Version>1.0.0.4</Version>
    <Managed>0</Managed>
    <Publisher>
      <UniqueName>Cr7a69f</UniqueName>
      <LocalizedNames>
        <LocalizedName description="CDS Default Publisher" languagecode="1033" />
      </LocalizedNames>
      <Descriptions />
      <EMailAddress xsi:nil="true"></EMailAddress>
      <SupportingWebsiteUrl xsi:nil="true"></SupportingWebsiteUrl>
      <CustomizationPrefix>cr08e</CustomizationPrefix>
      <CustomizationOptionValuePrefix>86075</CustomizationOptionValuePrefix>
      <Addresses>
        <Address>
          <AddressNumber>1</AddressNumber>
          <AddressTypeCode xsi:nil="true"></AddressTypeCode>
          <City xsi:nil="true"></City>
          <County xsi:nil="true"></County>
          <Country xsi:nil="true"></Country>
          <Fax xsi:nil="true"></Fax>
          <FreightTermsCode xsi:nil="true"></FreightTermsCode>
          <ImportSequenceNumber xsi:nil="true"></ImportSequenceNumber>
          <Latitude xsi:nil="true"></Latitude>
          <Line1 xsi:nil="true"></Line1>
          <Line2 xsi:nil="true"></Line2>
          <Line3 xsi:nil="true"></Line3>
          <Longitude xsi:nil="true"></Longitude>
          <Name xsi:nil="true"></Name>
          <PostalCode xsi:nil="true"></PostalCode>
          <PostOfficeBox xsi:nil="true"></PostOfficeBox>
          <PrimaryContactName xsi:nil="true"></PrimaryContactName>
          <ShippingMethodCode xsi:nil="true"></ShippingMethodCode>
          <StateOrProvince xsi:nil="true"></StateOrProvince>
          <Telephone1 xsi:nil="true"></Telephone1>
          <Telephone2 xsi:nil="true"></Telephone2>
          <Telephone3 xsi:nil="true"></Telephone3>
          <TimeZoneRuleVersionNumber xsi:nil="true"></TimeZoneRuleVersionNumber>
          <UPSZone xsi:nil="true"></UPSZone>
          <UTCOffset xsi:nil="true"></UTCOffset>
          <UTCConversionTimeZoneCode xsi:nil="true"></UTCConversionTimeZoneCode>
        </Address>
        <Address>
          <AddressNumber>2</AddressNumber>
          <AddressTypeCode xsi:nil="true"></AddressTypeCode>
          <City xsi:nil="true"></City>
          <County xsi:nil="true"></County>
          <Country xsi:nil="true"></Country>
          <Fax xsi:nil="true"></Fax>
          <FreightTermsCode xsi:nil="true"></FreightTermsCode>
          <ImportSequenceNumber xsi:nil="true"></ImportSequenceNumber>
          <Latitude xsi:nil="true"></Latitude>
          <Line1 xsi:nil="true"></Line1>
          <Line2 xsi:nil="true"></Line2>
          <Line3 xsi:nil="true"></Line3>
          <Longitude xsi:nil="true"></Longitude>
          <Name xsi:nil="true"></Name>
          <PostalCode xsi:nil="true"></PostalCode>
          <PostOfficeBox xsi:nil="true"></PostOfficeBox>
          <PrimaryContactName xsi:nil="true"></PrimaryContactName>
          <ShippingMethodCode xsi:nil="true"></ShippingMethodCode>
          <StateOrProvince xsi:nil="true"></StateOrProvince>
          <Telephone1 xsi:nil="true"></Telephone1>
          <Telephone2 xsi:nil="true"></Telephone2>
          <Telephone3 xsi:nil="true"></Telephone3>
          <TimeZoneRuleVersionNumber xsi:nil="true"></TimeZoneRuleVersionNumber>
          <UPSZone xsi:nil="true"></UPSZone>
          <UTCOffset xsi:nil="true"></UTCOffset>
          <UTCConversionTimeZoneCode xsi:nil="true"></UTCConversionTimeZoneCode>
        </Address>
      </Addresses>
    </Publisher>
    <RootComponents>
      <RootComponent type="1" schemaName="cr08e_answers" behavior="0" />
      <RootComponent type="1" schemaName="cr08e_correction" behavior="0" />
      <RootComponent type="1" schemaName="cr08e_customer" behavior="0" />
      <RootComponent type="1" schemaName="cr08e_customer1" behavior="0" />
      <RootComponent type="1" schemaName="cr08e_form" behavior="0" />
      <RootComponent type="1" schemaName="cr08e_item" behavior="0" />
      <RootComponent type="1" schemaName="cr08e_item1" behavior="0" />
      <RootComponent type="1" schemaName="cr08e_list" behavior="0" />
      <RootComponent type="1" schemaName="cr08e_order" behavior="0" />
      <RootComponent type="1" schemaName="cr08e_orderline" behavior="0" />
      <RootComponent type="1" schemaName="cr08e_questions" behavior="0" />
      <RootComponent type="1" schemaName="cr08e_request" behavior="0" />
      <RootComponent type="1" schemaName="cr08e_requester" behavior="0" />
      <RootComponent type="1" schemaName="cr08e_seller" behavior="0" />
      <RootComponent type="1" schemaName="cr08e_user" behavior="0" />
      <RootComponent type="1" schemaName="cr08e_user1" behavior="0" />
      <RootComponent type="29" id="{083c48ff-c96a-f011-bec3-6045bd69ea32}" behavior="0" />
      <RootComponent type="29" id="{fe71f8c5-6068-f011-bec3-6045bd69ea32}" behavior="0" />
      <RootComponent type="60" id="{ae13cc7b-7c68-f011-bec2-6045bd6a78b1}" behavior="0" />
      <RootComponent type="62" schemaName="cr08e_RestaurantDashboard" behavior="0" />
      <RootComponent type="80" schemaName="cr08e_RestaurantDashboard" behavior="0" />
      <RootComponent type="161" id="{f6aa8948-0063-f011-bec2-6045bd69ea32}" behavior="0" />
      <RootComponent type="300" schemaName="cr08e_customerregistration_3d15f" behavior="0" />
      <RootComponent type="300" schemaName="cr08e_home_b5658" behavior="0" />
      <RootComponent type="300" schemaName="cr08e_item_c9578" behavior="0" />
      <RootComponent type="300" schemaName="cr08e_login_33a27" behavior="0" />
      <RootComponent type="300" schemaName="cr08e_orderlinedetails_e6620" behavior="0" />
      <RootComponent type="300" schemaName="cr08e_orderlinesmanipulation_902e5" behavior="0" />
      <RootComponent type="300" schemaName="cr08e_orderline_0f190" behavior="0" />
      <RootComponent type="300" schemaName="cr08e_orders_0e24f" behavior="0" />
      <RootComponent type="300" schemaName="cr08e_profile_2f326" behavior="0" />
      <RootComponent type="300" schemaName="cr08e_request_20dbb" behavior="0" />
      <RootComponent type="300" schemaName="cr08e_restaurantapp_e5e25" behavior="0" />
      <RootComponent type="300" schemaName="cr08e_userregistration_2a306" behavior="0" />
      <RootComponent type="300" schemaName="cr08e_welcome_dc288" behavior="0" />
    </RootComponents>
    <MissingDependencies>
      <MissingDependency>
        <Required type="1" schemaName="contoso_sign_up" displayName="Customer" solution="LMSCanvasapp (1.0.0.2)" />
        <Dependent type="62" schemaName="cr08e_RestaurantDashboard" />
      </MissingDependency>
      <MissingDependency>
        <Required type="1" schemaName="contoso_sign_up" displayName="Customer" solution="LMSCanvasapp (1.0.0.2)" />
        <Dependent type="80" schemaName="cr08e_RestaurantDashboard" displayName="Restaurant Dashboard" />
      </MissingDependency>
      <MissingDependency>
        <Required type="61" schemaName="msdyn_/Images/AppModule_Default_Icon.png" displayName="msdyn_/Images/AppModule_Default_Icon.png" solution="AppModuleWebResources (2.5)" />
        <Dependent type="80" schemaName="cr08e_RestaurantDashboard" displayName="Restaurant Dashboard" />
      </MissingDependency>
      <MissingDependency>
        <Required type="61" schemaName="msdyn_KMAllowedOriginsInfo.html" displayName="msdyn_KMAllowedOriginsInfo.html" solution="msdynce_KnowledgeManagementPatch (9.0.25064.5004)">
          <package appName="msdynce_KnowledgeManagement" version="9.0.25064.5004">msdynce_KnowledgeManagementAnchor (9.0.25064.5004)</package>
        </Required>
        <Dependent type="80" schemaName="cr08e_RestaurantDashboard" displayName="Restaurant Dashboard" />
      </MissingDependency>
      <MissingDependency>
        <Required type="bot" displayName="msdyn_appCopilot" solution="msdyn_AppCopilotPVABotComponentCollection (9.1.2025043.250416150)" id.schemaname="msdyn_appCopilot">
          <package appName="PowerAppsAppCopilotPVABotApp Package" version="9.1.2025043.250416150">PowerAppsAppCopilotPVABotApp_Anchor (9.1.2025043.250416150)</package>
        </Required>
        <Dependent type="bot" displayName="msdyn_appCopilot" id.schemaname="msdyn_appCopilot" />
      </MissingDependency>
      <MissingDependency>
        <Required type="SettingDefinition" displayName="AppChannel" solution="msdyn_AppFrameworkInfraExtensions (1.0.0.15)" id.uniquename="AppChannel">
          <package appName="PowerAppsAppFramework Package" version="1.0.0.21">PowerAppsAppFramework_Anchor (1.0.0.21)</package>
        </Required>
        <Dependent type="AppSetting" displayName="parentappmoduleid.uniquename=cr08e_RestaurantDashboard,settingdefinitionid.uniquename=AppChannel" id.parentappmoduleid.uniquename="cr08e_RestaurantDashboard" id.settingdefinitionid.uniquename="AppChannel" />
      </MissingDependency>
      <MissingDependency>
        <Required type="SettingDefinition" displayName="EnableRoleBasedOfflineProfileAccess" solution="SettingDefinitionsData (9.2.2505.2505231)" id.uniquename="EnableRoleBasedOfflineProfileAccess">
          <package appName="AppModule" version="9.2.2505.2505231">AppModuleSolutionAnchor (9.2.2505.2505231)</package>
        </Required>
        <Dependent type="AppSetting" displayName="parentappmoduleid.uniquename=cr08e_RestaurantDashboard,settingdefinitionid.uniquename=EnableRoleBasedOfflineProfileAccess" id.parentappmoduleid.uniquename="cr08e_RestaurantDashboard" id.settingdefinitionid.uniquename="EnableRoleBasedOfflineProfileAccess" />
      </MissingDependency>
      <MissingDependency>
        <Required type="SettingDefinition" displayName="ServerMode" solution="SettingDefinitionsData (9.2.2505.2505231)" id.uniquename="ServerMode">
          <package appName="AppModule" version="9.2.2505.2505231">AppModuleSolutionAnchor (9.2.2505.2505231)</package>
        </Required>
        <Dependent type="AppSetting" displayName="parentappmoduleid.uniquename=cr08e_RestaurantDashboard,settingdefinitionid.uniquename=ServerMode" id.parentappmoduleid.uniquename="cr08e_RestaurantDashboard" id.settingdefinitionid.uniquename="ServerMode" />
      </MissingDependency>
    </MissingDependencies>
  </SolutionManifest>
</ImportExportXml>